<?xml version="1.0" encoding="UTF-8" ?>
<!-- This is a WordPress eXtended RSS file generated by WordPress as an export of your site. -->
<!-- It contains information about your site's posts, pages, comments, categories, and other content. -->
<!-- You may use this file to transfer that content from one site to another. -->
<!-- This file is not intended to serve as a complete backup of your site. -->

<!-- To import this information into a WordPress site follow these steps: -->
<!-- 1. Log in to that site as an administrator. -->
<!-- 2. Go to Tools: Import in the WordPress admin panel. -->
<!-- 3. Install the "WordPress" importer from the list. -->
<!-- 4. Activate & Run Importer. -->
<!-- 5. Upload this file using the form provided on that page. -->
<!-- 6. You will first be asked to map the authors in this export file to users -->
<!--    on the site. For each author, you may choose to map to an -->
<!--    existing user on the site or to create a new user. -->
<!-- 7. WordPress will then import each of the posts, pages, comments, categories, etc. -->
<!--    contained in this file into your site. --><!-- generator="WordPress/5.4.2" created="2020-08-02 16:49" -->

<rss version="2.0"
	xmlns:excerpt="http://wordpress.org/export/1.2/excerpt/"
	xmlns:content="http://purl.org/rss/1.0/modules/content/"
	xmlns:wfw="http://wellformedweb.org/CommentAPI/"
	xmlns:dc="http://purl.org/dc/elements/1.1/"
	xmlns:wp="http://wordpress.org/export/1.2/"
>      
<channel>
    <title>SH!V</title>
    <link>http://shiv4u.epizy.com</link>
    <description>shiv4u</description>
    <pubDate>Sun, 02 Aug 2020 16:49:53 +0000</pubDate>
    <language>en-US</language>
    <wp:wxr_version>1.2</wp:wxr_version>
    <wp:base_site_url>http://shiv4u.epizy.com</wp:base_site_url>
    <wp:base_blog_url>http://shiv4u.epizy.com</wp:base_blog_url>
    	<wp:author><wp:author_id>1</wp:author_id><wp:author_login><![CDATA[Shivabotalewad]]></wp:author_login><wp:author_email><![CDATA[botalewad@gmail.com]]></wp:author_email><wp:author_display_name><![CDATA[Shivabotalewad]]></wp:author_display_name><wp:author_first_name><![CDATA[]]></wp:author_first_name><wp:author_last_name><![CDATA[]]></wp:author_last_name></wp:author>
<wp:category>
            <wp:term_id>1</wp:term_id>
            <wp:category_nicename><![CDATA[uncategorized]]></wp:category_nicename>
            <wp:category_parent><![CDATA[]]></wp:category_parent>
            <wp:cat_name><![CDATA[Uncategorized]]></wp:cat_name>
            <wp:category_description></wp:category_description>\n
            
            </wp:category>
        <item>
            <title>
                Hello world!
            </title>
            <link>http://shiv4u.epizy.com/?p=1</link>
            <pubDate>Mon, 25 May 2020 11:49:47 +0000</pubDate>
            <dc:creator><![CDATA[Shivabotalewad]]></dc:creator>
            <guid isPermaLink="false">http://shiv4u.epizy.com/?p=1</guid>
		    <description></description>
		    <content:encoded><![CDATA[<!-- wp:paragraph -->
<p>Welcome to WordPress. This is your first post. Edit or delete it, then start writing!</p>
<!-- /wp:paragraph -->]]> </content:encoded>
		    <excerpt:encoded><![CDATA[]]></excerpt:encoded>
		    <wp:post_id>1</wp:post_id>
		    <wp:post_date><![CDATA[2020-05-25 11:49:47]]></wp:post_date>
		    <wp:post_date_gmt><![CDATA[2020-05-25 11:49:47]]></wp:post_date_gmt>
		    <wp:comment_status><![CDATA[open]]></wp:comment_status>
		    <wp:ping_status><![CDATA[open]]></wp:ping_status>
		    <wp:post_name><![CDATA[hello-world]]></wp:post_name>
		    <wp:status><![CDATA[publish]]></wp:status>
		    <wp:post_parent>0</wp:post_parent>
		    <wp:menu_order>0</wp:menu_order>
		    <wp:post_type><![CDATA[post]]></wp:post_type>
		    <wp:post_password><![CDATA[]]></wp:post_password>
		    <wp:is_sticky>0</wp:is_sticky>
		    		<category domain="category" nicename="uncategorized"><![CDATA[Uncategorized]]></category>

                    <wp:comment>
                    <wp:comment_id>1</wp:comment_id>
                    <wp:comment_author><![CDATA[A WordPress Commenter]]></wp:comment_author>
                    <wp:comment_author_email><![CDATA[wapuu@wordpress.example]]></wp:comment_author_email>
			        <wp:comment_author_url>https://wordpress.org/</wp:comment_author_url>
			        <wp:comment_author_IP><![CDATA[]]></wp:comment_author_IP>
			        <wp:comment_date><![CDATA[2020-05-25 11:49:47]]></wp:comment_date>
			        <wp:comment_date_gmt><![CDATA[2020-05-25 11:49:47]]></wp:comment_date_gmt>
			        <wp:comment_content><![CDATA[Hi, this is a comment.
To get started with moderating, editing, and deleting comments, please visit the Comments screen in the dashboard.
Commenter avatars come from <a href="https://gravatar.com">Gravatar</a>.]]></wp:comment_content>
			        <wp:comment_approved><![CDATA[1]]></wp:comment_approved>
			        <wp:comment_type><![CDATA[]]></wp:comment_type>
			        <wp:comment_parent>0</wp:comment_parent>
			        <wp:comment_user_id>0</wp:comment_user_id>
                    </wp:comment>
        </item>
</channel>
</rss> 